section_number,title,description,chapter,chapter_title,keywords,text_length
1,"Short title, commencement and extent","(1)This Act may be cited as the Code of Civil Procedure,1908. (2) It shall come into force on the first day of January, 1909. 1[(3) It extends to the whole of India except-- 2     (b) the State of Nagaland and the tribal areas : Provided that the State Government concerned may, by notification in the Official Gazette, extend the provisions of this Code or any of them to the whole or part of the State of Nagaland or such tribal areas, as the case may be, with such supplemental, incidental or cons...",1,Preliminary,"civil procedure, extent, short, title, areas, application, commencement, india, tribal, procedure",1224
2,Definitions,"In this Act, unless there is anything repugnant in the subject or context, (1) ""Code"" includes rules; (2) ""decree"" means the formal expression of an adjudication which, so far as regards the Court expressing it, conclusively determines the rights of the parties with regard to all or any of the matters in controversy in the suit and may be either preliminary or final. It shall be deemed to include the rejection of a plaint and the determination of any question within 1 section 144, but shall not ...",1,Preliminary,"judgment, foreign, civil court, holder, pleader, share, movable, debtor, property, service",5220
3,Subordination of Courts,"For the purposes of this Code, the District Court is subordinate to the High Court, and every Civil Court of a grade inferior to that of a District Court and every Court of Small Causes is subordinate to the High Court and District Court.",1,Preliminary,"courts, civil court, court, high court, district court, subordination",238
4,Savings,"(1) In the absence of any specific provision to the Contrary, nothing in this Code shall be deemed to limit or otherwise affect any special or local law now in force or any special jurisdiction or power conferred, or any special form of procedure prescribed, by or under any other law for the time being in force. (2) In particular and without prejudice to the generality of the proposition contained in sub-section(1), nothing in this Code shall be deemed to limit or otherwise affect any remedy whi...",1,Preliminary,"savings, jurisdiction, procedure, contrary",655
5,Application of the Code to Revenue Courts,"(1) Where any Revenue Courts are governed by the provisions of this Code in those matters of procedure upon which any special enactment applicable to them is silent, the State Government 1  may, by notification in the Official Gazette, declare that any portions of those provisions which are not expressly made applicable by this Code shall not apply to those Courts, or shall only apply to them with such modifications as the State Government 2    may prescribe. (2) ""Revenue Court"" in sub-section (...",1,Preliminary,"courts, jurisdiction, revenue courts, state government, application, official gazette, court, procedure, revenue",839
6,Pecuniary jurisdiction,"Save in so far as is otherwise expressly provided, nothing herein contained shall operate to give any Court jurisdiction over suits the amount or value of the subject-matter of which exceeds the pecuniary limits (if any) of its ordinary jurisdiction.",2,Suits in General,"save, jurisdiction, court, pecuniary",250
7,Provincial Small Cause Courts,"The following provisions shall not extend to Courts constituted under the Provincial Small Cause Courts Act, 1887(9 of 1887) 1 [or under the Berar Small Cause Courts Law, 1905,] or to Courts exercising the jurisdiction of a Court of Small Causes 2[under the said Act or Law,] 3[or to Courts in 4[any part of India to which the said Act does not extend] exercising a a corresponding jurisdiction that is to say.-- (a) so much of the body of the Code as relates to]-- (i) suits excepted from the cogniz...",2,Suits in General,"courts, property, small, jurisdiction, provincial, provincial small cause courts act, berar small cause courts law, execution, court, cause",1008
8,Presidency Small Cause Courts,"Save as provided in sections 24, 38 to 41, 75, clauses (a), (b) and (c), 76,1[77, 157 and 158,] and by the Presidency Small Cause Courts Act, 1882 (15 of 1882), the provisions in the body of this Code shall not extend to any suit or proceeding in any Court of Small Causes established in the towns of Calcutta, Madras and Bombay : 2[Provided that-- 1) the High Courts of Judicature at Fort William, Madras and Bombay, as the case may be, may from time to time, by notification in the Official Gazette...",2,Suits in General,"suit, courts, presidency small cause courts act, small, presidency, small causes, save, court, cause",996
9,Courts to try all civil suits unless barred,"The Courts shall (subject to the provisions herein contained) have jurisdiction to try all suits of a civil nature excepting suits of which their cognizance is either expressly or impliedly barred. 1[Explanation I].--A suit in which the right to property or to an office is contested is a suit of a civil nature, notwithstanding that such right may depend entirely on the decision of questions as to religious rites or ceremonies. 2[Explanation II].--For the purposes of this section, it is immateria...",2,Suits in General,"courts, amendment, property, application, court, consideration, appeal, evidence, suit, principal",4167
10,Stay of suit,"No Court shall proceed with the trial of any suit in which the matter in issue is also directly and substantially in issue in a previously instituted suit between the same parties, or between parties under whom they or any of them claim litigating under the same title where such suit is pending in the same or any other Court in 1[India] have jurisdiction to grant the relief claimed, or in any Court beyond the limits of 1[India] established or continued by 2[the Central Government 3  .] and havin...",2,Suits in General,"suit, jurisdiction, parties, stay, india, trial, court",705
11,Res judicata,"No Court shall try any suit or issue in which the matter directly and substantially in issue has been directly and substantially in issue in a former suit between the same parties, or between parties under whom they or any of them claim, litigating under the same title, in a Court competent to try such subsequent suit or the suit in which such issue has been subsequently raised, and has been heard and finally decided by such Court. Explanation I.-- The expression former suit shall denote a suit ...",2,Suits in General,"suit, jurisdiction, parties, judicata, explanation, plaint, execution, court, appeal, decree",2313
12,Bar to further suit,"Where a plaintiff is precluded by rules from instituting a further suit in respect of any particular cause of action, he shall not be entitled to institute a suit in respect of such cause of action in any Court to which this Code applies.",2,Suits in General,"suit, plaintiff, further, court",238
13,When foreign judgment not conclusive,A foreign judgment shall be conclusive as to any matter thereby directly adjudicated upon between the same parties or between parties under whom they or any of them claim litigating under the same title except-- (a) where it has not been pronounced by a Court of competent jurisdiction; (b) where it has not been given on the merits of the case; (c) where it appears on the face of the proceedings to be founded on an incorrect view of international law or a refusal to recognise the law of 1 [India]...,2,Suits in General,"judgment, foreign, jurisdiction, parties, india, conclusive, court",760
14,Presumption as to foreign judgments,"The Court shall presume upon the production of any document purporting to be a certified copy of a foreign judgment, that such judgment was pronounced by a Court of competent jurisdiction, unless the contrary appears on the record; but such presumption may be displaced by proving want of jurisdiction.",2,Suits in General,"judgment, foreign, jurisdiction, presumption, court, judgments",302
15,Court in which suits to be instituted,Every suit shall be instituted in the Court of the lowest grade competent to try it.,2,Suits in General,"suit, every, instituted, court, suits",84
16,Suits to be instituted where subject-matter situate,"Subject to the pecuniary or other limitations prescribed by any law, suits (a) for the recovery of immovable property with or without rent or profits, (b) for the partition of immovable property, (c) for foreclosure, sale or redemption in the case of a mortgage of or charge upon immovable property, (d) or the determination of any other right to or interest in immovable property, (e) for compensation for wrong to immovable property, (f) for the recovery of movable property actually under distrain...",2,Suits in General,"suit, defendant, property, jurisdiction, provided, subject, instituted, situate, matter, court",1190
17,Suits for immovable property situate within jurisdiction of different Courts,"Where a suit is to obtain relief respecting, or compensation for wrong to, immovable property situate within the jurisdiction of different Courts. the suit may be instituted in any Court within the local limits of whose jurisdiction any portion of the property is situate : Provided that, in respect of the value of the subject-matter of the suit, the entire claim is cognizable by such Court.",2,Suits in General,"suit, courts, property, immovable, within, jurisdiction, provided, different, situate, court",393
18,Place of institution of suit where local limits of jurisdiction of Courts are uncertain,"(1) Where it is alleged to be uncertain within the local limits of the jurisdiction of which of two or more Courts any immovable property is situate, any one of those Courts may, if satisfied that there is ground for the alleged uncertainty, record a statement to that effect and thereupon proceed to entertain and dispose of any suit relating to that property, and its decree in the suit shall have the same effect as if the property were situate within the local limits of its jurisdiction: Provide...",2,Suits in General,"suit, courts, property, place, jurisdiction, provided, institution, uncertain, order, local",1191
19,Suits for compensation for wrongs to person or movables,"Where a suit is for compensation for wrong done to the person or to movable property, if the wrong was done within the local limits of the jurisdiction of one Court and the defendant resides, or carries on business, or personally works for gain, within the local limits of the jurisdiction of another Court, the suit may be instituted at the option of the plaintiff in either of the said Courts. Illustrations (a) A, residing in Delhi, beats B in Calcutta. B may sue A either in Calcutta or in Delhi....",2,Suits in General,"suit, courts, property, illustrations, wrongs, jurisdiction, defendant, plaintiff, compensation, person",620
20,Other suits to be instituted where defendants reside or cause of action arises,"Subject to the limitations aforesaid, every suit shall be instituted in a Court within the local limits of whose jurisdiction (a) the defendant, or each of the defendants where there are more than one, at the time of the commencement of the suit, actually and voluntarily resides, or carries on business, or personally works for gain; or (b) any of the defendants, where there are more than one, at the time of the commencement of the suit, actually and voluntarily resides, or carries on business, o...",2,Suits in General,"suit, defendant, reside, cause, jurisdiction, defendants, arises, instituted, subject, explanation",1826
21,Objections to jurisdiction,"1[(1)] No objection as to the place of suing shall be allowed by any Appellate or Revisional Court unless such objection was taken in the Court of first instance at the earliest possible opportunity and in all cases where issues are settled at or before such settlement, and unless there has been a consequent failure of justice. 2[(2) No objection as to the competence of a Court with reference to the pecuniary limits of its jurisdiction shall be allowed by any Appellate or Revisional Court unless...",2,Suits in General,"jurisdiction, court, revisional court, objections, appellate",1050
21A.,Baron suit to set aside decree on objection as to place of suing,"1[21A. Bar on suit to set aside decree on objection as to place of suing.-- No suit shall lie challenging the validity of a decree passed in a former suit between the same parties, or between the parties under whom they or any of them claim, litigating under the same title, on any ground based on an objection as to the place of suing. Explanation.-- The expression former suit means a suit which has been decided prior to the decision in the suit in which the validity of the decree is questioned, ...",2,Suits in General,"suit, suing, place, objection, parties, explanation, decree, aside, baron",628
22,Power to transfer suits which may be instituted in more than one Court,"Where a suit may be instituted in any one of two or more Courts and is instituted in one of such Courts, any defendant, after notice to the other parties, may, at the earliest possible opportunity and in all cases where issues are settled at or before such settlement, apply to have the suit transferred to another Court, and the Court to which such application is made, after considering the objections of the other parties (if any), shall determine in which of the several Courts having jurisdictio...",2,Suits in General,"suit, courts, defendant, jurisdiction, parties, more, instituted, application, court, transfer",525
23,To what Court application lies,"(I) Where the several Courts having jurisdiction are subordinate to the same Appellate Court, an application under section 22 shall be made to the Appellate Court. (2) Where such Courts are subordinate to different Appellate Courts but to the same High Court, the application shall be made to the said High Court. (3) Where such Courts are subordinate to different High Courts, the application shall be made to the High Court within the local limits of whose jurisdiction the Court in which the suit ...",2,Suits in General,"suit, courts, jurisdiction, lies, application, court, what, appellate court",522
24,General power of transfer and withdrawal,"(1) On the application of any of the parties and after notice to the parties and after hearing such of them as desired to be heard, or of its own motion without such notice, the High Court or the District Court may at any stage (a) transfer any suit, appeal or other proceeding pending before it for trial or disposal to any Court subordinate to it and competent to try or dispose of the same, or (b) withdraw any suit, appeal or other proceeding pending in any Court subordinate to it, and (i) try o...",2,Suits in General,"suit, jurisdiction, parties, general, application, hearing, withdrawal, order, execution, trial",1586
25,"Power of Supreme Court to transfer suits, etc","1[25. Power of Supreme Court to transfer suits, etc.--(1) On the application of a party, and after notice to the parties, and after hearing such of them as desire to be heard, the Supreme Court may, at any stage, if satisfied that an order under this section is expedient for the ends of justice, direct that any suit, appeal or other proceeding be transferred from a High Court or other Civil Court in one State to a High Court or other Civil Court in another State. (2) Every application under this...",2,Suits in General,"suit, civil court, parties, supreme, application, hearing, order, court, transfer, appeal",1403
26,Institution of suits,"1[(1)] Every suit shall be instituted by the presentation of a plaint or in such other manner as may be prescribed. 2[(2) In every plaint, facts shall be proved by affidavit.] [Provided that such an affidavit shall be in the form and manner as prescribed under Order VI of Rule 15A.]",3,Suits in Particular Cases,"suit, rule, every, provided, institution, order, plaint, suits",283
27,Summons to defendants,"Where a suit has been duly instituted, a summons may be issued to the defendant to appear and answer the claim and may be served in manner prescribed 1 [on such day not beyond thirty days from date of the institution of the suit.]",3,Suits in Particular Cases,"suit, defendant, defendants, summons",230
28,Service of summons where defendant resides in another State,"(1) A summons may be sent for service in another State to such Court and in such manner as may be prescribed by rules in force in that State. (2) The Court to which such summons is sent shall, upon receipt thereof, proceed as if it had been issued by such Court and shall then return the summons to the Court of issue together with the record (if any) of its proceedings with regard thereto. 1[(3) Where the language of the summons sent for service in another State is different from the language of ...",3,Suits in Particular Cases,"defendant, another, resides, state, service, summons, court",815
29,Service of foreign summonses,"1[29. Service of foreign summonses.-- Summonses and other processes issued by (a) any Civil or Revenue Court established in any part of India to which the provisions of this Code do not extend, or (b) any Civil or Revenue Court established or continued by the authority of the Central Government outside India, or (c) any other Civil or Revenue Court outside India to which the Central Government has, by notification in the Official Gazette, declared the provisions of this section to apply, may be ...",3,Suits in Particular Cases,"summonses, foreign, service, india, civil, court, revenue court",626
30,Power to order discovery and the like,"Subject to such conditions and limitations as may be prescribed, the Court may, at any time, either of its own motion or on the application of any party,- (a) make such orders as may be necessary or reasonable in all matters relating to the delivery and answering of interrogatories, the admission of documents and facts, and the discovery, inspection, production, impounding and return of documents or other material objects producible as evidence; (b) issue summonses to persons whose attendance is...",3,Suits in Particular Cases,"like, subject, application, order, court, discovery, evidence, power",639
31,Summons to witness,"The provisions in sections 27, 28 and 29 shall apply to summonses to give evidence or to produce documents or other material objects.",3,Suits in Particular Cases,"witness, evidence, summons",133
32,Penalty for default,The Court may compel the attendance of any person to whom a summons has been issued under section 30 and for that purpose may (a) issue a warrant for his arrest; (b) attach and sell his property; (c) impose a fine upon him 1 [not exceeding five thousand rupees]; (d) order him to furnish security for his appearance and in default commit him to the civil prison.,3,Suits in Particular Cases,"property, summons, default, order, court, penalty",362
33,Judgment and decree,"The Court, after the case has been heard, shall pronounce judgment, and on such judgment a decree shall follow.",3,Suits in Particular Cases,"judgment, decree, court",111
34,Interest,"(1) Where and in so far as a decree is for the payment of money, the Court may, in the decree, order interest at such rate as the Court deems reasonable to be paid on the principal sum adjudged, from the date of the suit to the date of the decree, in addition to any interest adjudged on such principal sum for any period prior to the institution of the suit, 1 [with further interest at such rate not exceeding six per cent. per annum as the Court deems reasonable on such principal sum], from the d...",3,Suits in Particular Cases,"suit, interest, bank, order, court, decree, nationalised",1639
35,Costs,"(1) Subject to such conditions and limitations as may be prescribed, and to the provisions of any law for the time being in force, the costs of an incident to all suits shall be in the discretion of the Court, and the Court shall have full power to determine by whom or out of what property and to what extent such costs are to be paid, and to give all necessary directions for the purposes aforesaid. The fact that the Court has no jurisdiction to try the suit shall be no bar to the exercise of suc...",3,Suits in Particular Cases,"commercial, suit, property, plaintiff, costs, jurisdiction, parties, damages, subject, order",3357
35A.,Compensatory costs in respect of false or vexatious claims or defences,"1[35A. Compensatory costs in respect of false or vexatious claims or defences.-- (1) If in any suit or other proceedings 2[including an execution proceeding but 3[excluding an appeal or a revision] any party objects to the claim or defence on the ground that the claim or defence or any part of it is, as against the objector, false or vexatious to the knowledge of the party by whom it has been put forward, and if thereafter, as against the objector, such claim or defence is disallowed, abandoned ...",3,Suits in Particular Cases,"suit, costs, jurisdiction, provided, damages, false, order, vexatious, execution, compensatory",2515
35B.,Costs for causing delay,"1[35B. Costs for causing delay.-- (1) If, on any date fixed for the hearing of a suit or for taking any step therein, a party to the suit (a) fails to take the step which he was required by or under this Code to take on that date, or (b) obtains an adjournment for taking such step or for producing evidence or on any other ground, the Court may, for reasons to be recorded, make an order requiring such party to pay to the other party such costs as would, in the opinion of the Court, be reasonably ...",3,Suits in Particular Cases,"suit, defendant, plaintiff, costs, delay, hearing, order, court, decree, evidence",1605
36,Application to orders,"1[36. Application to orders.-- The provisions of this Code relating to the execution of decrees (including provisions relating to payment under a decree) shall, so far as they are applicable, be deemed to apply to the execution of orders (including payment under an order).]",4,Institution of Suits,"orders, application, execution, order, decree",274
37,Definition of Court which passed a decree,"The expression ""Court which passed a decree,"" or words to that effect, shall, in relation to the execution of decrees, unless there is anything repugnant in the subject or context, be deemed to include, (a) where the decree to be executed has been passed in the exercise of appellate jurisdiction, the Court of first instance, and (b) where the Court of first instance has ceased to exist or to have jurisdiction to execute it, the Court which, if the suit wherein the decree was passed was institute...",4,Institution of Suits,"suit, definition, jurisdiction, passed, explanation, application, execution, court, decree",1160
38,Court by which decree may be executed,"A decree may be executed either by the Court which passed it, or by the Court to which it is sent for execution.",4,Institution of Suits,"executed, execution, court, decree",112
39,Transfer of decree,"(1) The Court which passed a decree may, on the application of the decreeholder, send it for execution to another Court 1 [of competent jurisdiction], (a) if the person against whom the decree is passed actually and voluntarily resides or carries on business, or personally works for gain, within the local limits of the jurisdiction of such other Court, or (b) if such person has not property within the local limits of the jurisdiction of the Court which passed the decree sufficient to satisfy suc...",4,Institution of Suits,"suit, property, jurisdiction, application, execution, court, transfer, decree",1500
40,Transfer of decree to Court in another State,"Where a decree is sent for execution in another State, it shall be sent to such Court and executed in such manner as may be prescribed by rules in force in that State.",4,Institution of Suits,"another, state, execution, court, transfer, decree",167
41,Result of execution proceedings to be certified,"The Court to which a decree is sent for execution shall certify to the Court which passed it the fact of such execution, or where the former Court fails to execute the same the circumstances attending such failure.",4,Institution of Suits,"proceedings, result, execution, court, certified, decree",214
42,Powers of Court in executing transferred decree,1[(1)] The Court executing a decree sent to it shall have the same powers in executing such decree as if it had been passed by itself. All persons is disobeying or obstructing the execution of the decree shall be punishable by such Court in the same manner as if it had passed the decree. And its order in executing such decree shall be subject to the same rules in respect of appeal as if the decree had passed by itself. 2[(2) Without prejudice to the generality of the provisions of sub-section (1...,4,Institution of Suits,"judgment, powers, executing, transferred, order, execution, court, appeal, decree, without",1471
43,Execution of decrees passed by Civil Courts in places to which this Code does not extend,"1[43. Execution of decrees passed by Civil Courts in places to which this Code does not extend.-- Any decree passed by any Civil Court established in any part of India to which the provisions of this Code do not extend, or by any Court established or continued by the authority of the Central Government outside India, may, if it cannot be executed within the jurisdiction of the Court by which it was passed, be executed in the manner herein provided within the jurisdiction of any Court in the terr...",4,Institution of Suits,"courts, civil courts, civil court, jurisdiction, passed, places, extend, decrees, execution, civil",536
44,Execution of decrees passed by Revenue Courts in places to which this Code does not extend,"1[44. Execution of decrees passed by Revenue Courts in places to which this Code does not extend.-- The State Government may, by notification in the Official Gazette, declare that the decrees of any Revenue Court in any part of India to which the provisions of this Code do not extend, or any class of such decrees, may be executed in the State as if they had been passed by Courts in that State.]",4,Institution of Suits,"courts, revenue courts, passed, places, extend, state government, decrees, execution, does, official gazette",397
44A.,Execution of decrees passed by Courts in reciprocating territory,"1[44A. Execution of decrees passed by Courts in reciprocating territory.--(1) Where a certified copy of a decree of any of the superior Courts of 2  any reciprocating territory has been filed in a District Court, the decree may be executed in 3 [India] as if it had been passed by the District Court. (2) Together with the certified copy of the decree shall be filed a certificate from such superior Court stating the extent, if any, to which the decree has been satisfied or adjusted and such certif...",4,Institution of Suits,"courts, reciprocating, judgment, passed, decrees, execution, court, territory, decree, district court",1764
45,Execution of decrees outside India,1[45. Execution of decrees outside India.-- So much of the foregoing sections of this Part as empowers a Court to send a decree for execution to another Court shall be construed as empowering a Court in any State to send a decree for execution to any Court established 2  by the authority of the Central Government 3 [outside India] to which the State Government has by notification in the Official Gazette declared this section to apply.],4,Institution of Suits,"outside, decrees, part, india, execution, court, decree",439
46,Precepts,"(1) Upon the application of the decree-holder the Court which passed the decree may. whenever it thinks fit, issue a precept to any other Court which would be competent to execute such decree to attach any property belonging to the judgment-debtor and specified in the precept. (2) The Court to which a precept is sent shall proceed to attach the property in the manner prescribed in regard to the attachment of property in execution of a decree: Provided that no attachment under a precept shall con...",4,Institution of Suits,"judgment, property, provided, application, order, execution, upon, court, precepts, decree",838
47,Questions to be determined by the Court executing decree,"(1) All questions arising between the parties to the suit in which the decree was passed, or their representatives, and relating to the execution, discharge or satisfaction of the decree, shall be determined by the Court executing the decree and not by a separate suit. 1     (3) Where a question arises as to whether any person is or is not the representative of a party, such question shall, for the purposes of this section, be determined by the Court. 2[Explanation 1.-- For the purposes of this ...",4,Institution of Suits,"suit, defendant, property, plaintiff, parties, executing, questions, explanation, determined, execution",1072
48,[Repealed],"[Execution barred in certain cases.] Rep. by the Limitation Act, 1963 (36 of 1963), s. 28 (w.e.f.1-1- 1964).",4,Institution of Suits,"execution, repealed, limitation act",108
49,Transferee,Every transferee of a decree shall hold the same subject to the equities (if any) which the judgment-debtor might have enforced against the original decree-holder.,4,Institution of Suits,"judgment, decree, every, transferee",163
50,Legal representative,"(1) Where a judgment-debtor dies before the decree has been fully satisfied, the holder of the decree may apply to the Court which passed it to execute the same against the legal representative of the deceased. (2) Where the decree is executed against such legal representative, he shall be liable only to the extent of the property of the deceased which has come to his hands and has not been duly disposed of; and, for the purpose of ascertaining such liability, the Court executing the decree may,...",4,Institution of Suits,"judgment, property, application, representative, court, legal, decree",638
51,Powers of Court to enforce execution,"Subject to such conditions and limitations as may be prescribed, the Court may, on the application of the decree-holder, order execution of the decree (a) by delivery of any property specifically decreed; (b) by attachment and sale or by the sale without attachment of any property; (c) by arrest and detention in prison 1[for such period not exceeding the period specified in section 58, where arrest and detention is permissible under that section]; (d) by appointing a receiver; or (e) in such oth...",5,Issue and Service of Summons,"suit, judgment, property, powers, jurisdiction, provided, subject, application, order, execution",1897
52,Enforcement of decree against legal representative,"(1) Where a decree is passed against a party as the legal representative of a deceased person, and the decree is for the payment of money out of the property of the deceased, it may be executed by the attachment and sale of any such property. (2) Where no such property remains in the possession of the judgment-debtor and he fails to satisfy the Court that he has duly applied such property of the deceased as is proved to have come into his possession, the decree may be executed against the judgme...",5,Issue and Service of Summons,"judgment, property, against, representative, court, legal, decree, enforcement",666
53,Liability of ancestral property,"For the purposes of section 50 and section 52, property in the hands of a son or other descendant which is liable under Hindu law for the payment of the debt of a deceased ancestor, in respect of which a decree has been passed, shall be deemed to be property of the deceased which has come to the hands of the son or other descendant as his legal representative.",5,Issue and Service of Summons,"property, liability, ancestral, decree, hindu",362
54,Partition of estate or separation of share,"Where the decree is for the partition of an undivided estate assessed to the payment of revenue to the Government, or for the separate possession of a share of such an estate, the partition of the estate or the separation of the share shall be made by the Collector or any gazetted subordinate of the Collector deputed by him in this behalf, in accordance with the law (if any) for the time being in force relating to the partition, or the separate possession of shares, of such estates. STATE AMENDM...",5,Issue and Service of Summons,"partition, separation, estate, court, collector, decree, share, karnataka",1249
55,Arrest and detention,"(1) A judgment-debtor may be arrested in execution of a decree at, any hour and on any day, and shall, as soon as practicable, be brought before the Court, and his detention may be in the civil prison of the district in which the Court ordering the detention is situate, or, where such civil prison does not afford suitable accommodation, in any other place which the State Government may appoint for the detention of persons ordered by the Courts of such district to be detained: Provided, firstly t...",5,Issue and Service of Summons,"courts, judgment, state government, detention, provided, application, execution, court, procedure, decree",3065
56,Prohibition of arrest or detention of women in execution of decree for money,"Notwithstanding anything in this Part, the Court shall not order the arrest or detention in the civil prison of a woman in execution of a decree for the payment of money.",5,Issue and Service of Summons,"notwithstanding, women, detention, part, order, execution, prohibition, court, money, decree",170
57,Subsistence-allowance,"The State Government may fix scales, graduated according to rank, race and nationality, of monthly allowances payable for the subsistence of judgment-debtors.",5,Issue and Service of Summons,"judgment, allowance, subsistence, state government",158
58,Detention and release,"(1) Every person detained in the civil prison in execution of a decree shall be so detained, (a) where the decree is for the payment of a sum of money exceeding 1 [2 [five thousand rupees], for a period not exceeding three months, and,] 3[(b) where the decree is for the payment of a sum of money exceeding two thousand rupees, but not exceeding five thousand rupees, for a period not exceeding six weeks.] 4(1A) For the removal of doubts, it is hereby declared that no order for detention of the jud...",5,Issue and Service of Summons,"judgment, every, detention, order, execution, release, decree",927
59,Release on ground of illness,"(1) At any time after a warrant for the arrest of a judgment-debtor has been issued the Court may cancel it on the ground of his serious illness. (2) Where a judgment-debtor has been arrested, the Court may release him if, in its opinion, he is not in a fit state of health to be detained in the civil prison. (3) Where a judgment-debtor has been committed to the civil prison, he may be released therefrom-- (a) by the State Government, on the ground of the existence of any infectious or contagious...",5,Issue and Service of Summons,"judgment, state government, ground, court, release, illness",830
60,Property liable to attachment and sale in execution of decree,"1(1) The following property is liable to attachment and sale in execution of a decree, namely, lands, houses or other buildings, goods, money, bank-notes, cheques, bills of exchange, hundis, promissory notes, Government securities, bonds or other securities for money, debts, shares in a corporation and, save as hereinafter mentioned, all other saleable property, movable or immovable, belonging to the judgment-debtor, or over which, or the profits of which, he has a disposing power which he may e...",5,Issue and Service of Summons,"judgment, liable, sale, property, wages, service, damages, court, stipends, authority",8423
61,Partial exemption of agricultural produce,"The State Government 1  may, by general or special order published in the Official Gazette, declare that such portion of agricultural produce, or of any class of agricultural produce, as may appear to the State Government to be necessary for the purpose of providing until the next harvest for the due cultivation of the land and for the support of the judgmentdebtor and his family, shall, in the case of all agriculturists or of any class of agriculturists, be exempted from liability to attachment...",5,Issue and Service of Summons,"state government, agricultural, partial, order, execution, exemption, official gazette, decree, produce",534
62,Seizure of property in dwelling-house,"(I) No person executing any process under this Code directing or authorizing seizure of movable property shall enter any dwelling-house after sunset and before sunrise. (2) No outer door of a dwelling-house shall be broken open unless such dwelling-house is in the occupancy of the judgment-debtor and he refuses or in any way prevents access thereto, but when the person executing any such process has duly gained access to any dwelling-house, he may break open the door of any room in which he has ...",5,Issue and Service of Summons,"judgment, property, dwelling, seizure, house",1074
63,Property attached in execution of decrees of several Courts,"(1) Where property not in the custody of any Court is under attachment in execution of decrees of more Courts than one, the Court which shall receive or realize such property and shall determine any claim thereto and any objection to the attachment thereof shall be the Court of highest grade, or, where there is no difference in grade between such Courts, the Court under whose decree the property was first attached. (2) Nothing in this section shall be deemed to invalidate any proceeding taken by...",5,Issue and Service of Summons,"courts, property, several, taken, decrees, order, execution, court, proceeding, decree",807
64,Private alienation of property after attachment to be void,"1[(1)] Where an attachment has been made, any private transfer or delivery of the property attached or of any interest therein and any payment to the judgment-debtor of any debt, dividend or other monies contrary to such attachment, shall be void as against all claims enforceable under the attachment. 2[(2) Nothing in this section shall apply to any private transfer or delivery of the property attached or of any interest therein, made in pursuance of any contract for such transfer or delivery en...",5,Issue and Service of Summons,"judgment, property, attachment, void, nothing, explanation, private, alienation, after",689
65,Purchaser's title,"Where immovable property is sold in execution of a decree and such sale has become absolute, the property shall be deemed to have vested in the purchaser from the time when the property is sold and not from the time when the sale becomes absolute.",5,Issue and Service of Summons,"property, purchaser, title, execution, decree",247
66,[Repealed],"[Suit against purchaser not maintainable on ground of purchase being on behalf of plaintiff.]--Rep. by Act, 1988 (45 of 1988) , s. 7 (w.e.f. 19-5-1988).",5,Issue and Service of Summons,"suit, repealed, plaintiff",152
67,Power for State Government to make rules as to sales of land in execution of decrees for payment of money,"1[(1)] The State Government 2  may, by notification in the Official Gazette, make rules for any local area imposing conditions in respect of the sale of any class of interests in land in execution of decrees for the payment of money, where such interest are so uncertain or undetermined as, in the opinion of the State Government, to make it impossible to fix their value. 3[(2) When on the date on which this Code came into operation in any local area, any special rules as to sale of land in execut...",5,Issue and Service of Summons,"rules, make, land, state, state government, payment, decrees, sales, execution, official gazette",949
68,[Repealed],"[Power to prescribe rules for transferring to collector execution of certain decrees.] - Rep. by the Code of Civil Procedure (Amendment) Act, 1956 (66 of 1956), s. 7.",5,Issue and Service of Summons,"civil procedure, amendment, execution, procedure, repealed, power",166
69,[Repealed],[Provisions of Third Schedule to apply.]- Rep. by s. 7 ibid. @/@,5,Issue and Service of Summons,"repealed, third schedule",64
70,[Repealed],[Rules of Procedure.] - Rep. by s. 7 ibid.,5,Issue and Service of Summons,"rules, procedure, repealed",42
71,[Repealed],[Jurisdiction of Civil Courts barred.]- Rep. by s. 7 ibid.,5,Issue and Service of Summons,"repealed, civil courts, jurisdiction",58
72,[Repealed],[Collector to deemed to be acting judicially.] - Rep. by s. 7 ibid.,5,Issue and Service of Summons,"repealed, collector",67
73,Proceeds of execution sale to be rateably distributed among decree-holders,"(1) Where assets are held by a Court and more persons than one have, before the receipt of such assets, made application to the Court for the execution of decrees for the payment of money passed against the same judgment-debtor and have not obtained satisfaction thereof, the assets, after deducting the costs of realization, shall be rateably distributed among all such persons : Provided as follows:- (a) where any property is sold subject to a mortgage or charge, the mortgage or incumbrancer shal...",5,Issue and Service of Summons,"sale, judgment, property, proceeds, provided, application, distributed, holders, execution, order",1866
74,Resistance to execution,"Where the Court is satisfied that the holder of a decree for the possession of immovable property or that the purchaser of immovable property sold in execution of a decree has been resisted or obstructed in obtaining possession of the property by the judgment-debtor or some person on his behalf and that such resistance or obstruction was without any just cause, the Court may, at the instance of the decree-holder or purchaser, order the judgment-debtor or such other person to be detained in the c...",5,Issue and Service of Summons,"judgment, property, resistance, order, execution, court, decree",653
75,Power of Court to issue commissions,"Subject to such conditions and limitations as may be prescribed, the Court may issue a commission (a) to examine any person; (b) to make a local investigation; (c) to examine or adjust accounts; or (d) to make a partition; 1[(e) to hold a scientific, technical, or expert investigation; (f) to conduct sale of property which is subject to speedy and natural decay and which is in the custody of the Court pending the determination of the suit; (g) to perform any ministerial act.]",5,Issue and Service of Summons,"suit, property, subject, commissions, court, issue, power",480
76,Commission to another Court,"(1) A commission for the examination of any person may be issued to any Court (not being a High Court) situate in a State other than the State in which the Court of issue is situate and having jurisdiction in the place in which the person to be examined resides. (2) Every Court receiving a commission for the examination of any person under sub-section (1) shall examine him or cause him to be examined pursuant thereto, and the commission, when it has been duly executed, shall be returned together...",6,Pleadings Generally,"commission, another, examination, jurisdiction, state, order, evidence, court, high court",711
77,Letter of request,In lieu of issuing a commission the Court may issue a letter of request to examine a witness residing at any place not within 1 [India],6,Pleadings Generally,"witness, request, india, court, letter",135
78,Commissions issued by foreign Courts,1[78. Commissions issued by foreign Courts.-- Subject to such conditions and limitations as may be prescribed the provisions as to the execution and return of commissions for the examination of witnesses shall apply to commissions issued by or at the instance of (a) Courts situate in any part of India to which the provisions of this Code do not extend; or (b) Courts established or continued by the authority of the Central Government outside India; or (c) Courts of any State or country outside In...,6,Pleadings Generally,"courts, foreign, examination, subject, issued, commissions, india, execution",505
79,Suits by or against Government,"1[79. Suits by or against Government.--In a suit by or against the Government, the authority to be named as plaintiff or defendant, as the case may be, shall be (a) in the case of a suit by or against the Central Government, 2[the Union of India], and (b) in the case of a suit by or against a State Government, the State.]",6,Pleadings Generally,"suit, defendant, central government, plaintiff, against, union, suits",323
80,Notice,"1 [(1)] 2 [ Save as otherwise provided in sub-section (2), no suits 3 [shall be instituted] against the Government (including the Government of the State of Jammu and Kashmir)] or against a public officer in respect of any act purporting to be done by such public officer in his official capacity, until the expiration of two months next after notice in writing has been 4 [delivered to, or left at the office of] (a) in the case of a suit against the Central Government, 5 [except where it relates t...",6,Pleadings Generally,"suit, notice, plaintiff, parties, state, hearing, save, jammu, plaint, court",2833
81,Exemption from arrest and personal appearance,"In a suit instituted against a public officer in respect of any act purporting to be done by him in his official capacity- (a) the defendant shall not be liable to arrest nor his property to attachment otherwise than in execution of a decree, and, (b) where the Court is satisfied that the defendant cannot absent himself from his duty without detriment to the public service, it shall exempt him from appearing in person.",6,Pleadings Generally,"suit, defendant, property, service, appearance, personal, exemption, execution, court, decree",422
82,Execution of decree,"1[(I) Where, in a suit by or against the Government or by or against a public officer in respect of any act purporting to be done by him in his official capacity, a decree is passed against the Union of India or a State or, as the case may be, the public officer, such decree shall not be executed except in accordance with the provisions of sub-section (2).] (2) Execution shall not be issued on any such decree unless it remains unsatisfied for the period of three months computed from the date of ...",6,Pleadings Generally,"suit, state, india, order, execution, union, court, decree",987
83,When aliens may sue,"1Alien enemies residing in India with the permission of the Central Government, and alien friends, may sue in any Court otherwise competent to try the suit, as if they were citizens of India, but alien enemies residing in India without such permission, or residing in a foreign country, shall not sue in any such Court. Explanation.-- Every person residing in a foreign country, the Government of which is at war with India and carrying on business in that country without a licence in that behalf gr...",7,Parties to Suits,"suit, central government, india, aliens, court",634
84,When foreign States may sue,A foreign State may sue in any competent Court: Provided that the object of the suit is to enforce a private right vested in the Ruler of such State or in any officer of such State in his public capacity.,7,Parties to Suits,"suit, foreign, state, provided, court, ruler, states",204
85,Persons specially appointed by Government to prosecute or defend on behalf of foreign Rulers,"(1) The Central Government may, at the request of the Ruler of a foreign State or at the request of any person competent in the opinion of the Central Government to act on behalf of such Ruler, by order, appoint any persons to prosecute or defend any suit on behalf of such Ruler, and any persons so appointed shall be deemed to be the recognized agents by whom appearances, acts and applications under this Code may be made or done on behalf of such Ruler. (2) An appointment under this section may ...",7,Parties to Suits,"suit, foreign, central government, persons, defend, state, appointed, rulers, prosecute, order",899
86,"Suits against foreign Rulers, Ambassadors and Envoys","(I) No. 1  foreign State may be sued in any Court otherwise competent to try the suit except with the consent of the Central Government certified in writing by a Secretary to that Government : Provided that a person may, as a tenant of immovable property, sue without such consent as aforesaid 2[a foreign State] from whom he holds or claims to hold the property. (2) Such consent may be given with respect to a specified suit or to several specified suits or with respect to all suits of any specifi...",7,Parties to Suits,"suit, foreign, central government, property, against, secretary, state, jurisdiction, rulers, ambassadors",2645
87,Style of foreign Rulers as parties to suits,"The Ruler of a foreign State may sue, and shall be sued, in the name of his State: Provided that in giving the consent referred to in section 86, the Central Government may direct that the Ruler may be sued in the name of an agent or in any other name.",7,Parties to Suits,"style, foreign, central government, parties, state, rulers, provided, ruler, suits",252
87A.,Definitions of foreign State and Ruler,"(1) In this Part,- (a)“foreign State” means any State outside India which has been recognised by the Central Government; and (b) “Ruler”, in relation to a foreign State, means the person who is for the time being recognized by the Central Government to be the head of that State. (2) Every Court shall take judicial notice of the fact- (a) that a State has or has not been recognized by the Central Government; (b) that a person has or has not been recognized by the Central Government to be the head...",7,Parties to Suits,"definitions, foreign, central government, state, part, india, court, ruler",512
87B.,Application of sections 85 and 86 to Rulers of former Indian States,"1[(I) In the case of any suit by or against the Ruler of any former Indian State which is based wholly or in part upon a cause of action which arose before the commencement of the Constitution or any proceeding arising out of such suit, the provisions of section 85 and sub-sections (1) and (3) of section 86 shall apply in relation to such Ruler as they apply in relation to the Ruler of a foreign State.] (2) In this section (a) ""former Indian State"" means any such Indian State as the Central Gove...",7,Parties to Suits,"suit, former, sections, state, rulers, indian, indian state, application, commencement, constitution",791
88,Where interpleader-suit may be instituted,"Where two or more persons claim adversely to one another the same debts, sum of money or other property, movable or immovable, from another person, who claims no interest therein other than for charges or costs and who is ready to pay or deliver it to the rightful claimant, such other person may institute a suit of interpleader against all the claimants for the purpose of obtaining a decision as to the person to whom the payment or delivery shall be made and of obtaining indemnity for himself : ...",7,Parties to Suits,"suit, property, parties, provided, instituted, interpleader",649
89,Settlement of disputes outside the Court,"1[89. Settlement of disputes outisde the Court.--(1) Where it appears to the Court that there exist elements of a settlement which may be acceptable to the parties, the Court shall formulate the terms of settlement and give them to the parties for their observations and after receiving the observations of the parties, the Court may reformulate the terms of a possible settlement and refer the same for:-- (a) arbitration; (b) conciliation; (c) judicial settlement including settlement through Lok A...",7,Parties to Suits,"settlement, parties, disputes, outside, court, procedure",1564
90,Power to state case for opinion of Court,"Where any persons agree in writing to state a case for the opinion of the Court, then the Court shall try and determine the same in the manner prescribed.",7,Parties to Suits,"state, opinion, court, case, power",154
91,Public nuisances and other wrongful acts affecting the public,"1 ,2[(1) In the case of a public nuisance or other wrongful act affecting, or likely to affect, the public, a suit for a declaration and injunction or for such other relief as may be appropriate in the circumstances of the case, may be instituted, (a) by the Advocate-General, or (b) with the leave of the Court, by two or more persons, even though no special damage has been caused to such persons by reason of such public nuisance or other wrongful act.] (2) Nothing in this section shall be deemed...",7,Parties to Suits,"suit, nuisances, wrongful, injunction, nothing, general, public, affecting, acts, court",596
92,Public charities,"1(1) In the case of any alleged breach of any express or constructive trust created for public purposes of a charitable or religious nature, or where the direction of the Court is deemed necessary for the administration of any such trust, the Advocate-General, or two or more persons having an interest in the trust and having obtained the 2 [leave of the Court], may institute a suit, whether contentious or not, in the principal Civil Court of original jurisdiction or in any other Court empowered ...",7,Parties to Suits,"suit, property, civil court, jurisdiction, general, public, court, decree, charities, advocate",3435
93,Exercise of powers of Advocate-General outside presidency-towns,"The powers conferred by sections 91 and 92 on the Advocate-General may, outside the presidency-towns, be, with the previous sanction of the State Government, exercised also by the Collector or by such officer as the State Government may appoint in this behalf.",7,Parties to Suits,"powers, presidency, state government, towns, exercise, general, outside, collector, advocate",260
94,Supplemental proceedings,"In order to prevent the ends of justice from being defeated the Court may, if it is so prescribed,- (a) issue a warrant to arrest the defendant and bring him before the Court to show cause why he should not give security for his appearance, and if he fails to comply with any order for security commit him to the civil prison; (b) direct the defendant to furnish security to produce any property belonging to him and to place the same at the disposal of the Court or order the attachment of any prope...",7,Parties to Suits,"defendant, proceedings, property, supplemental, order, court, injunction",883
95,"Compensation for obtaining arrest, attachment or injunction on insufficient ground","(1) Where, in any suit in which an arrest or attachment has been effected or a temporary injunction granted under the last preceding section,-- (a) it appears to the Court that such arrest, attachment or injunction was applied for on insufficient grounds, or (b) the suit of the plaintiff fails and it appears to the Court that there was no reasonable or probable grounds for instituting the same, the defendant may apply to the Court, and the Court may, upon such application, award against the plai...",7,Parties to Suits,"suit, defendant, plaintiff, jurisdiction, attachment, obtaining, application, ground, compensation, order",960
96,Appeal from original decree,"(1) Save where otherwise expressly provided in the body of this Code or by any other law for the time being in force, an appeal shall lie from every decree passed by any Court exercising original jurisdiction to the Court authorized to hear appeals from the decisions of such Court. (2) An appeal may lie from an original decree passed ex parte. (3) No appeal shall lie from a decree passed by the Court with the consent of parties. 1[(4) No appeal shall lie, except on a question of law, from a decr...",8,Suits by or against Government and Public Officers,"suit, original, jurisdiction, parties, save, appeal, court, decree",676
97,Appeal from final decree where no appeal from preliminary decree,"Where any party aggrieved by a preliminary decree passed after the commencement of this Code does not appeal from such decree, he shall be precluded from disputing its correctness in any appeal which may be preferred from the final decree.",8,Suits by or against Government and Public Officers,"preliminary, final, appeal, decree",239
98,Decision where appeal heard by two or more Judges,"(1) Where an appeal is heard by a Bench of two or more Judges, the appeal shall be decided in accordance with the opinion of such Judges or of the majority (if any) of such Judges. (2) Where there is no such majority which concurs in a judgment varying or reversing the decree appealed from, such decree shall be confirmed: Provided that where the Bench hearing the appeal is 1[composed of two or other even number of Judges belonging to a Court consisting of more Judges than those constituting the ...",8,Suits by or against Government and Public Officers,"heard, judgment, decision, judges, more, hearing, appeal, court, decree, bench",1018
99,No decree to be reversed or modified for error or irregularity not affecting merits or jurisdiction,"No decree shall be reversed or substantially varied, nor shall any case be remanded, in appeal on account of any misjoinder 1 [or non-joinder] of parties or causes of action or any error, defect or irregularity in any proceedings in the suit, not affecting the merits of the case or the jurisdiction of the Court : 2[Provided that nothing in this section shall apply to non-joinder of a necessary party.]",8,Suits by or against Government and Public Officers,"suit, merits, error, irregularity, jurisdiction, parties, provided, affecting, court, appeal",404
99A.,No order under section 47 to be reversed or modified unless decision of the case is prejudicially affected,"1[99A. No order under section 47 to be reversed or modified unless decision of the case is prejudicially affected.--Without prejudice to the generality of the provisions of section 99, no order under section 47 shall be reversed or substantially varied, on account of any error, defect or irregularity in any proceeding relating to such order, unless such error, defect or irregularity has prejudicially affected the decision of the case.]",8,Suits by or against Government and Public Officers,"decision, prejudicially, affected, order, case, modified, reversed, without",439
100,Second appeal,"1[100. Second appeal.--(1) Save as otherwise expressly provided in the body of this Code or by any other law for the time being in force, an appeal shall lie to the High Court from every decree passed in appeal by any Court subordinate to the High Court, if the High Court is satisfied that the case involves a substantial question of law. (2) An appeal may lie under this section from an appellate decree passed ex parte. (3) In an appeal under this section, the memorandum of appeal shall precisely...",8,Suits by or against Government and Public Officers,"hearing, save, appeal, court, decree, high court, second",1541
100A.,No further appeal in certain cases,"1[100A. No further appeal in certain cases.--Notwithstanding anything contained in any Letters Patent for any High Court or in any instrument having the force of law or in any other law for the time being in force, where any appeal from an original or appellate decree or order is heard and decided by a Single Judge of a High Court, no further appeal shall lie from the judgment and decree of such Single Judge.]",8,Suits by or against Government and Public Officers,"judgment, judge, letters patent, single judge, certain, further, order, cases, decree, appeal",413
101,Second appeal on no other grounds,No second appeal shall lie except on the ground mentioned in section 100.,8,Suits by or against Government and Public Officers,"grounds, appeal, second",73
102,No second appeal in certain cases,"1[102. No second appeal in certain cases.--No second appeal shall lie from any decree, when the subject matter of the original suit is for recovery of money not exceeding twenty-five thousand rupees.]",8,Suits by or against Government and Public Officers,"suit, certain, cases, appeal, decree, second",200
103,Power of High Court to determine issue of fact,"1[103. Power of High Court to determine issue of fact.--In any second appeal, the High Court may, if the evidence on the record is sufficient, determine any issue necessary for the disposal of the appeal,-- (a) which has not been determined by the lower Appellate Court or both by the Court of first instance and the lower Appellate Court, or (b) which has been wrongly determined by such Court or Courts by reason of a decision on such question of law as is referred to in section 100.]",8,Suits by or against Government and Public Officers,"fact, determine, high, evidence, court, appeal, appellate court, high court, issue, power",487
104,Orders from which appeal lies,"(1) An appeal shall lie from the following orders, and save as otherwise expressly provided in the body of this Code or by any law for the time being in force, from no other orders:--- 1    2[(ff) an order under section 35A;] 3[(ffa) an order under section 91 or section 92 refusing leave to institute a suit of the nature referred to in section 91 or section 92, as the case may be;] (g) an order under section 95; (h) an order under any of the provisions of this Code imposing a fine or directing t...",8,Suits by or against Government and Public Officers,"suit, provided, orders, lies, order, execution, appeal, decree",967
105,Other orders,"(1) Save as otherwise expressly provided, no appeal shall lie from any order made by a Court in the exercise of its original or appellate jurisdiction; but where a decree is appealed from, any error, defect or irregularity in any order, affecting the decision of the case, may be set forth as a ground of objection in the memorandum of appeal. (2) Notwithstanding anything contained in sub-section (1), where any party aggrieved by an order of remand 1  from which an appeals lies does not appeal the...",9,Interpleader,"jurisdiction, orders, order, save, court, appeal, decree, notwithstanding",572
106,What Courts to hear appeals,"Where an appeal from any order is allowed it shall lie to the Court to which an appeal would lie from the decree in the suit in which such order was made, or where such order is made by a Court (not being a High Court) in the exercise of appellate jurisdiction, then to the High Court.",9,Interpleader,"suit, courts, jurisdiction, hear, appeals, order, court, what, appeal, decree",285
107,Powers of Appellate Court,"(1) Subject to such conditions and limitations as may be prescribed, an Appellate Court shall have power- (a) to determine a case finally; (b) to remand a case; (c) to frame issues and refer them for trial; (d) to take additional evidence or to require such evidence to be taken. (2) Subject as aforesaid, the Appellate Court shall have the same powers and shall perform as nearly as may be the same duties as are conferred and imposed by this Code on Courts of original jurisdiction in respect of su...",9,Interpleader,"powers, jurisdiction, subject, trial, court, appellate court, evidence, appellate",523
108,Procedure in appeals from appellate decrees and orders,"The provisions of this Part relating to appeals from original decrees shall, so far as may be, apply to appeals- (a) from appellate decrees, and (b) from orders made under this Code or under any special or local law in which a different procedure is not provided.",9,Interpleader,"appeals, orders, decrees, part, procedure, appellate",263
109,When appeals lie to the Supreme Court,"1[109. When appeals lie to the Supreme Court.-- Subject to the provisions in Chapter IV of Part V of the Constitution and such rules as may, from time to time, be made by the Supreme Court regarding appeals from the Courts of India, and to the provisions hereinafter contained, an appeal shall lie to the Supreme Court from any judgment, decree or final order in a civil proceeding of a High Court, if the High Court certifies (i) that the case involves a substantial question of law of general impor...",9,Interpleader,"judgment, supreme, appeals, subject, part, order, court, appeal, supreme court, decree",614
110,[Omitted],"[Value of subject matters.] Omitted by the Code of Civil Procedure (Amendment) Act, 1973 (49 of 1973), s. 3 (w.e.f. 29-11-1973).",9,Interpleader,"civil procedure, value, omitted, procedure, amendment",128
111,[Omitted],[Bar of certain appeals.] omitted by the A.O. 1950.,9,Interpleader,omitted,51
111A.,[Omitted],"1[[Appeals to Federal Court.] Rep. by the Federal Court Act, 1941 (21 of 1941), s. 2.",9,Interpleader,"appeals, omitted, federal court, federal court act, court",85
112,Savings,"1[(1) Nothing contained in this Code shall be deemed- (a) to affect the powers of the Supreme Court under article 136 or any other provision of the Constitution; or (b) to interfere with any rules made by the Supreme Court, and for the time being in force for the presentation of appeals to that Court, or their conduct before that Court.] (2) Nothing herein contained applies to any matter of criminal or admiralty or vice-admiralty jurisdiction or to appeals from orders and decrees of Prize Courts...",9,Interpleader,"savings, jurisdiction, nothing, court, constitution, supreme court",501
113,Reference to High Court,"Subject to such conditions and limitations as may be prescribed, any Court may state a case and refer the same for the opinion of the High Court, and the High Court may make such order thereon as it thinks fit: 1[Provided that where the Court is satisfied that a case pending before it involves a question as to the validity of any Act, Ordinance or Regulation or of any provision contained in an Act, Ordinance or Regulation, the determination of which is necessary for the disposal of the case, and...",9,Interpleader,"provided, subject, high, order, regulation, court, high court, reference",1044
114,Review,"Subject as aforesaid, any person considering himself aggrieved- (a) by a decree or order from which an appeal is allowed by this Code, but from which no appeal has been preferred. (b) by a decree or order from which no appeal is allowed by this Code, or (c) by a decision on a reference from a Court of Small Causes, may apply for a review of judgment to the Court which passed the decree or made the order, and the Court may make such order thereon as it thinks fit.",9,Interpleader,"judgment, small causes, review, subject, order, court, appeal, decree",467
115,Revision,"1[(1)] The High Court may call for the record of any case which has been decided by any Court subordinate to such High Court and in which no appeal lies thereto, and if such subordinate Court appears (a) to have exercised a jurisdiction not vested in it by law, or (b) to have failed to exercise a jurisdiction so vested, or (c) to have acted in the exercise of its jurisdiction illegally or with material irregularity, the High Court may make such order in the case as it thinks fit: 2[Provided that...",9,Interpleader,"suit, deciding, jurisdiction, order, saving, court, revision, case, appeal, amendment",5731
116,Part to apply only to certain High Courts,"1, 2This Part applies only to High Courts 2 [not being the court of a Judicial Commissioner].",10,Return of Summons,"courts, only, apply, high, certain, part, high courts, judicial commissioner, court",93
117,Application of Code to High Courts,"Save as provided in this Part or in Part X or in rules, the provisions of this Court shall apply to such High Courts.",10,Return of Summons,"courts, high, application, part, high courts, save, court",117
118,Execution of decree before ascertainment of costs,"Where any such High Court considers it necessary that a decree passed in the exercise of its original civil jurisdiction should be executed before the amount of the costs incurred in the suit can be ascertained by taxation, the Court may order that the decree shall be executed forthwith, except as to so much thereof as relates to the costs; and, as to so much thereof as relates to the costs, that the decree may be executed as soon as the amount of the costs shall be ascertained by taxation.",10,Return of Summons,"suit, costs, ascertainment, jurisdiction, order, execution, court, before, decree, high court",495
119,Unauthorised persons not to address Court,"Nothing in this Code shall be deemed to authorize any person on behalf of another to address the Court in the exercise of its original civil jurisdiction, or to examine witnesses, except where the Court shall have in the exercise of the power conferred by its charter authorized him so to do, or to interfere with the power of the High Court to make rules concerning advocates, vakils and attorneys.",10,Return of Summons,"persons, jurisdiction, nothing, address, court, high court, unauthorised",399
120,Provisions not applicable to High Court in original civil jurisdiction,"(1)The following provisions shall not apply to the High Court in the exercise of its original civil jurisdiction, namely, sections 16, 17 and 20. 1    ",10,Return of Summons,"original, jurisdiction, applicable, high, civil, court, high court",151
121,Effect of rules in First Schedule,The rules in a First Schedule shall have effect as if enacted in the body of this Code until annulled or altered in accordance with the provisions of this Part.,10,Return of Summons,"rules, first, schedule, effect, part, first schedule",160
122,Power of certain High Courts to make rules,"1[High Courts 2 [not being the Court of a Judicial Commissioner]] 3  may, from time to time after previous publication, make rules regulating their own procedure and the procedure of the Civil Courts subjects to their superintendence, and may by such rules annul, alter or add to all or any of the rules in the First Schedule.",10,Return of Summons,"courts, rules, make, civil courts, high, certain, high courts, first schedule, court, judicial commissioner",326
123,Constitution of Rule Committees in certain States,"(1) A Committee, to be called the Rule Committee, shall be constituted at 1[the town which is the usual place of sitting of each of the High Courts 2 referred to in section 122]. (2) Each such Committee shall consist of the following persons, namely: (a) three Judges of the High Court established at the town at which such Committee is constituted, one of whom at least has served as a District Judge or 3 a Divisional Judge for three years, 4[(b) two legal practitioners enrolled in that Court,] 5[...",10,Return of Summons,"committee, rule, madras, judges, judge, committees, high, practitioners, certain, rule committee",2076
124,Committee to report to High Court,"Every Rule Committee shall make a report to the High Court established at the town at which it is constituted on any proposal to annul, alter or add to the rules in the First Schedule or to make new rules, and before making any rules under section 122 the High Court shall take such report into consideration.",10,Return of Summons,"every rule committee, high, report, first schedule, court, committee, high court",309
125,Power of other High Courts to make rules,"High Courts, other than the Courts specified in section 122, may exercise the powers conferred by that section in such manner and subject to such conditions 1 [as 2 [the State Government may determine:] Provided that any such High Court may, after previous publication, make a rule extending within the local limits of its jurisdiction any rules which have been made by any other High Court.",10,Return of Summons,"courts, rules, make, jurisdiction, state government, provided, high, high courts, court, high court",391
126,Rules to be subject to approval,"1[Rules made under the foregoing provisions shall be subject to the previous approval of the Government of the State in which the Court whose procedure the rules regulate is situate or, if that Court is not situate in any State, to the previous approval of 2 [Central Government.]]",11,Appearance of Parties and Consequences of Non-appearance,"rules, state, subject, approval, court, procedure",281
127,Publication of rules,"Rules so made and 1 [approved] shall be published in the 2 [Official Gazette], and shall from the date of publication or from such other date as may be specified have the same force and effect, within the local limits of the jurisdiction of the High Court which made them, as if they had been contained in the First Schedule.",11,Appearance of Parties and Consequences of Non-appearance,"rules, jurisdiction, first schedule, official gazette, publication, court, high court",325
128,Matters for which rules may provide,"(1) Such rules shall be not inconsistent with the provisions in the body of this code, but, subject thereto, may provide for any matters relating to the procedure of Civil Courts. (2) In particular, and without prejudice to the generality of the powers conferred by sub-section (1), such rules may provide for all or any of the following matters, namely:- (a) the service of summonses, notices and other processes by post or in any other manner either generally or in any specified areas, and the pro...",11,Appearance of Parties and Consequences of Non-appearance,"matters, civil courts, registrar, defendant, property, plaintiff, service, provide, court, suit",2306
129,Power of High Courts to make rules as to their original Civil procedure,"Notwithstanding anything in this Code, any High Court 1 [not being the Court of a Judicial Commissioner] may make such rules not inconsistent with the Letters Patent 2 [or order] 3 [or other law] establishing it to regulate its own procedure in the exercise of its original civil jurisdiction as it shall think fit, and nothing herein contained shall affect the validity of any such rules in force at the commencement of this Code.",11,Appearance of Parties and Consequences of Non-appearance,"courts, rules, make, original, jurisdiction, high, civil, order, court, judicial commissioner",431
130,Power of other High Courts to make rules as to matters other than procedure,"1[A High Court 2[not being a High Court to which section 129 applies] may, with the previous approval of the State Government, make with respect to any matter other than procedure any rule which a High Court 3[for a 4 State] might under 5[article 227 of the Constitution] make with respect to any such matter for any part of the territories under its jurisdiction which is not included within the limits of a presidency town.]",11,Appearance of Parties and Consequences of Non-appearance,"courts, rules, make, matters, jurisdiction, state government, state, high, court, procedure",426
131,Publication of rules,Rules made in accordance with section 129 or section 130 shall be published in the 1[Official Gazette] and shall from the date of publication or from such other date as may be specified have the force of law.,11,Appearance of Parties and Consequences of Non-appearance,"rules, official gazette, publication",208
132,Exemption of certain women from personal appearance,"(1) Women who, according to the customs and manners of the country, ought not to be compelled to appear in public shall be exempt from personal appearance in Court. (2) Nothing herein contained shall be deemed to exempt such women from arrest in execution of civil process in any case in which the arrest of women is not prohibited by this Code.",11,Appearance of Parties and Consequences of Non-appearance,"women, appearance, nothing, certain, execution, exemption, court, personal",345
133,Exemption of other persons,"1[(1)The following persons shall be entitled to exemption from personal appearance in Court, namely:-- (i) the President of India; (ii) the Vice-President of India; (iii) the Speaker of the House of the People; (iv) the Ministers of the Union; (v) the Judges of the Supreme Court; (vi) the Governors of States and the administrators of Union territories; (vii) the Speakers of the State Legislative Assemblies; (viii) the Chairman of the State Legislative Councils; (ix) the Ministers of States; (x) ...",11,Appearance of Parties and Consequences of Non-appearance,"persons, vice, india, president, exemption, court, evidence",812
134,Arrest other than in execution of decree,"The provisions of sections 55, 57 and 59 shall apply, so far as may be, to all persons arrested under this Code.",11,Appearance of Parties and Consequences of Non-appearance,"execution, decree, arrest",112
135,Exemption from arrest under civil process,"(1) No Judge, Magistrate or other judicial officer shall be liable to arrest under civil process while going to, presiding in, or returning from, his Court. (2) Where any matter is pending before a tribunal having jurisdiction therein, or believing in good faith that it has such jurisdiction, the parties thereto, their pleaders, mukhtars, revenue-agents and recognized agents, and their witnesses acting in obedience to a summons, shall be exempt from arrest under civil process other than process ...",11,Appearance of Parties and Consequences of Non-appearance,"judgment, judge, jurisdiction, parties, summons, process, civil, exemption, order, execution",910
135A.,Exemption of members of legislative bodies from arrest and detention under civil process,"1[135A. Exemption of members of legislative bodies from arrest and detention under civil process-- 2[(1) No person shall be liable to arrest or detention in prison under civil process-- (a) if he is a member of-- (i) either House of Parliament, or (ii) the Legislative Assembly or Legislative Council of a State, or (iii) a Legislative Assembly of a Union territory, during the continuance of any meeting of such House of Parliament or, as the case may be, of the Legislative Assembly or the Legislat...",11,Appearance of Parties and Consequences of Non-appearance,"parliament, detention, legislative council, legislative, exemption, bodies, civil, process, legislative assembly, members",1426
136,Procedure where person to be arrested or property to be attached is out side district,"(1) Where an application is made that any person shall be arrested or that any property shall be attached under any provision of this Code not relating to the execution of decrees, and such person resides or such property is situate outside the local limits of the jurisdiction of the Court to which the application is made, the Court may, in its discretion, issue, a warrant of arrest of make an order of attachment, and send to the District Court within the local limits of whose jurisdiction such ...",12,Admission and Denial,"property, side, jurisdiction, district court, application, arrested, execution, order, person, court",1964
137,Language of subordinate Courts,"(1) The language which, on the commencement of this Code, is the language of any Court subordinate to a High Court shall continue to be the language of such subordinate Court until the State Government otherwise directs. (2) The State Government may declare what shall be the language of any such Court and in what character applications to and proceedings in such Courts shall be written. (3) Where this Court requires or allows anything other that the recording of evidence to be done in writing in...",12,Admission and Denial,"language, courts, state government, pleader, order, evidence, court, subordinate, high court",810
138,Power of High Court to require evidence to be recorded in English,"1[138. Power of High Court to require evidence to be recorded in English.-- (1) The 2[High Court] may, by notification in the Official Gazette, direct with respect to any Judge specified in the notification, or falling under a description set forth therein, that evidence in cases in which an appeal is allowed shall be taken down by him in the English language and in manner prescribed. (2) Where a Judge is prevented by any sufficient reason from complying with a direction under sub-section (1), h...",12,Admission and Denial,"judge, recorded, require, high, official gazette, court, high court, appeal, english, evidence",610
139,Oath on affidavit by whom to be administered,"In the case of any affidavit under this Code- (a) any Court or Magistrate, or 1[(aa) any notary appointed under the Notaries Act, 1952 (53 of 1952); or] (b) any officer or other person whom a High Court may appoint in this behalf, or (c) any officer appointed by any other Court which the State Government has generally or specially empowered in this behalf, may administer the oath to the deponent.",12,Admission and Denial,"whom, oath, magistrate, notaries act, administered, court, high court, affidavit",399
140,"Assessors in causes of salvage, etc","(1) In any admiralty or vice-admiralty cause of salvage to wage or collision the Court, whether it be exercising its original or its appellate jurisdiction, may, if it thinks fit, and shall upon request of either party to such cause, summon to its assistance, in such manner as it may direct or as may be prescribed, two competent assessors; and such assessors shall attend and assist accordingly. (2) Every such assessor shall receive such fees for his attendance, to be paid by such of the parties ...",12,Admission and Denial,"causes, jurisdiction, every, parties, salvage, court, assessors",548
141,Miscellaneous proceedings,"The procedure provided in this Code in regard to suits shall be followed, as far as it can be made applicable, in all proceedings in any Court of civil jurisdiction. 1[Explanation.- In this section, the expression ""proceedings"" includes proceedings under Order IX, but does not include anyproceedings under article 226 of the Constitution.]",12,Admission and Denial,"miscellaneous, proceedings, jurisdiction, explanation, order, court, constitution, procedure",340
142,Orders and notices to be in writing,All orders and notices served on or given to any person under the provisions of this Code shall be in writing.,12,Admission and Denial,"writing, orders, notices",110
143,Postage,"Postage, where chargeable on a notice, summons or letter issued under this Code and forwarded by post, and the fee for registering the same, shall be paid within a time to be fixed before the communication is made: Provided that the State Government 1  may remit such postage, or fee, or both, or may prescribe a scale of court-fees to be levied in lieu thereof.",12,Admission and Denial,"state government, provided, summons, court, postage",362
144,Application for restitution,"(1)Where and in so far as a decree 1 [or an order] is 2 [varied or reversed in any appeal, revision or other proceeding or is set aside or modified in any suit instituted for the purpose, the Court which passed the decree or order] shall, on the application of any party entitled to any benefit by way of restitution or otherwise, cause such restitution to be made as will, so far as may be, place the parties in the position which they would have occupied but for such decree 1 [or order] or 3 [such...",12,Admission and Denial,"suit, jurisdiction, parties, passed, damages, application, explanation, restitution, order, court",1727
145,Enforcement of liability of surety,"Where any person 1 [has furnished security or given a guarantee]-- (a) for the performance of any decree or any part thereof, or (b) for the restitution of any property taken in execution of a decree, or (c) for the payment of any money, or for the fulfilment of any condition imposed on any person, under an order of the Court in any suit or in any proceeding consequent thereon, 2 [the decree or order may be executed in the manner therein provided for the execution of decrees, namely:-- (i) if he...",12,Admission and Denial,"suit, property, liability, provided, order, execution, surety, court, decree, enforcement",960
146,Proceedings by or against representatives,"Save as otherwise provided by this Code or by any law for the time being in force, where any proceeding may be taken or application made by or against any person then the proceeding may be taken or the application may be made by or against any person claiming under him.",12,Admission and Denial,"proceedings, against, representatives, application, save",270
147,Consent or agreement by persons under disability,"In all suits to which any person under disability is a party, any consent or agreement, as to any proceeding shall, if given or made with the express leave of the Court by the next friend or guardian for the suit, have the same force and effect as if such person, were under no disability and had given such consent or made such agreement.",12,Admission and Denial,"consent, agreement, suit, persons, disability, court",339
148,Enlargement of time,"Where any period is fixed or granted by the Court for the doing of any act prescribed or allowed by this Code, the Court may, in its discretion, from time to time, enlarge such period, 1 [not exceeding thirty days in total,] even though the period originally fixed or granted may have expired.",12,Admission and Denial,"enlargement, court",293
148A.,Right to lodge a caveat,"1[148 A. Right to lodge a caveat.-- (1)Where an application is expected to be made, or has been made, in a suit or proceeding instituted, or about to be instituted, in a Court , any person claiming a right to appear before the Court on the hearing of such application may lodge a caveat in respect thereof. (2) Where a caveat has been lodged under sub-section (1), the person by whom the caveat has been lodged (hereinafter referred to as the caveator) shall serve a notice of the caveat by registere...",12,Admission and Denial,"suit, caveat, application, hearing, court, right, lodge",1377
149,Power to make up deficiency of court-fees,"Where the whole or any part of any fee prescribed for any document by the law for the time being in force relating to court-fees has not been paid, the Court may, in its discretion, at any stage, allow the person, by whom such fee is payable, to pay the whole or part, as the case may be, of such court-fee; and upon such payment the document, in respect of which fee is payable, shall have the same force and effect as if such fee had been paid in the first instance.",13,"Production, Impounding and Return of Documents","make, fees, deficiency, court, power",468
150,Transfer of business,"Save as otherwise provided, where the business of any Court is transferred to any other Court, the Court to which the business is so transferred shall have the same powers and shall perform the same duties as those respectively conferred and imposed by or under this Code upon the Court from which the business was so transferred.",13,"Production, Impounding and Return of Documents","business, save, court, transfer",330
151,Saving of inherent powers of Court,Nothing in this Code shall be deemed to limit or otherwise affect the inherent power of the Court to make such orders as may be necessary for the ends of justice or to prevent abuse of the process of the Court.,13,"Production, Impounding and Return of Documents","powers, nothing, saving, court, inherent",210
152,"Amendment of judgments, decrees or orders","Clerical or arithmetical mistakes in judgments, decrees or orders or errors arising therein from any accidental slip or omission may at any time be corrected by the Court either of its own motion or on the application of any of the parties.",13,"Production, Impounding and Return of Documents","parties, orders, decrees, application, clerical, court, amendment, judgments",240
153,General power to amend,"The Court may at any time, and on such terms as to costs or otherwise as it may think fit, amend any defect or error in any proceeding in a suit ; and all necessary amendments shall be made for the purpose of determining the real question or issue raised by or depending on such proceeding.",13,"Production, Impounding and Return of Documents","amend, suit, general, court, power",290
153A.,Power to amend decree or order where appeal is summarily dismissed,"1[153A. Power to amend decree or order where appeal is summarily dismissed.-- Where an Appellate Court dismisses an appeal under rule 11 of Order XLI, the power of the Court to amend, under section 152, the decree or order appealed against may be exercised by the Court which had passed the decree or order in the first, instance, notwithstanding that the dismissal of the appeal has the effect of confirming the decree or order, as the case may be, passed by the Court of first instance.",13,"Production, Impounding and Return of Documents","amend, order, appeal, dismissed, court, decree, summarily, appellate court, power",488
153B.,Place of trial to be deemed to be open Court,"The place in which any Civil Court is held for the purpose of trying any suit shall be deemed to be an open Court, to which the public generally may have access so far as the same can conveniently contain them: Provided that the presiding Judge may, if he thinks fit, order at any stage of any inquiry into or trial of any particular case, that the public generally, or any particular person, shall not have access to, or be or remain in, the room or building used by the Court.]",13,"Production, Impounding and Return of Documents","suit, place, civil court, judge, provided, order, trial, court, deemed, open",479
154,[Repealed],"[Saving of present right of appeal.] Rep. by the Repealing and Amending Act, 1952 (48 of 1952), s. 2 and the First Schedule.",14,Settlement of Issues and Determination of Suit on Issues of Law or on Issues Agreed Upon,"first schedule, saving, appeal, amending act, repealed, repealing",124
155,[Repealed],"[Amendment of certain Acts.] Rep. by s. 2 and the First Schedule, ibid.",14,Settlement of Issues and Determination of Suit on Issues of Law or on Issues Agreed Upon,"first schedule, repealed, amendment, acts",71
156,[Repealed],"[Repeals.] Rep. by the Second Repealing and Amending Act, 1914 (17 of1914). s. 3 and the Second Schedule.",14,Settlement of Issues and Determination of Suit on Issues of Law or on Issues Agreed Upon,"repeals, second repealing, second schedule, amending act, repealed",105
157,Continuance of orders under repealed enactments,"Notifications published, declarations and rules made, places appointed, agreements filed, scales prescribed, forms framed, appointments made and powers conferred under Act VIII of 1859 or under any Code of Civil Procedure or any Act amending the same or under any other enactment hereby repealed shall, so far as they are consistent with this Code, have the same force and effect as if they had been respectively published, made, appointed, filed, prescribed, framed and conferred under this Code and...",14,Settlement of Issues and Determination of Suit on Issues of Law or on Issues Agreed Upon,"continuance, civil procedure, notifications, enactments, orders, procedure, repealed",551
158,Reference to Code of Civil Procedure and other repealed enactments,"In every enactment or notification passed or issued before the commencement of this Code in which reference is made to or to any Chapter or section of Act VIII of 1859 or any Code of Civil Procedure or any Act amending the same or any other enactment hereby repealed, such reference shall, so far as may be practicable, ben to be made to this Code or to its corresponding Part, Order, section or rule.",14,Settlement of Issues and Determination of Suit on Issues of Law or on Issues Agreed Upon,"civil procedure, enactments, civil, order, procedure, repealed, reference",401
